<?xml version="1.0" encoding="utf-8" ?>
<dwsync>
<file name="face000.bmp" server="myfiles.stat.ucla.edu/Sites/" local="129315762720000000" remote="130579584960000000" Dst="2" />
<file name="face001.bmp" server="myfiles.stat.ucla.edu/Sites/" local="129315762720000000" remote="130579584960000000" Dst="2" />
<file name="face002.bmp" server="myfiles.stat.ucla.edu/Sites/" local="129315762720000000" remote="130579584960000000" Dst="2" />
<file name="face003.bmp" server="myfiles.stat.ucla.edu/Sites/" local="129315762720000000" remote="130579584960000000" Dst="2" />
<file name="face004.bmp" server="myfiles.stat.ucla.edu/Sites/" local="129315762720000000" remote="130579584960000000" Dst="2" />
<file name="face005.bmp" server="myfiles.stat.ucla.edu/Sites/" local="129315762720000000" remote="130579584960000000" Dst="2" />
<file name="face006.bmp" server="myfiles.stat.ucla.edu/Sites/" local="129315762720000000" remote="130579584970000000" Dst="2" />
<file name="face007.bmp" server="myfiles.stat.ucla.edu/Sites/" local="129315762720000000" remote="130579584970000000" Dst="2" />
<file name="face008.bmp" server="myfiles.stat.ucla.edu/Sites/" local="129315762720000000" remote="130579584970000000" Dst="2" />
<file name="face009.bmp" server="myfiles.stat.ucla.edu/Sites/" local="129315762720000000" remote="130579584970000000" Dst="2" />
<file name="face010.bmp" server="myfiles.stat.ucla.edu/Sites/" local="129315762720000000" remote="130579584970000000" Dst="2" />
<file name="face011.bmp" server="myfiles.stat.ucla.edu/Sites/" local="129315762720000000" remote="130579584970000000" Dst="2" />
<file name="face012.bmp" server="myfiles.stat.ucla.edu/Sites/" local="129315762720000000" remote="130579584970000000" Dst="2" />
<file name="face013.bmp" server="myfiles.stat.ucla.edu/Sites/" local="129315762720000000" remote="130579584970000000" Dst="2" />
<file name="face014.bmp" server="myfiles.stat.ucla.edu/Sites/" local="129315762720000000" remote="130579584970000000" Dst="2" />
<file name="face015.bmp" server="myfiles.stat.ucla.edu/Sites/" local="129315762720000000" remote="130579584970000000" Dst="2" />
<file name="face016.bmp" server="myfiles.stat.ucla.edu/Sites/" local="129315762720000000" remote="130579584970000000" Dst="2" />
<file name="face017.bmp" server="myfiles.stat.ucla.edu/Sites/" local="129315762720000000" remote="130579584970000000" Dst="2" />
<file name="face018.bmp" server="myfiles.stat.ucla.edu/Sites/" local="129315762720000000" remote="130579584970000000" Dst="2" />
<file name="face019.bmp" server="myfiles.stat.ucla.edu/Sites/" local="129315762720000000" remote="130579584970000000" Dst="2" />
<file name="face020.bmp" server="myfiles.stat.ucla.edu/Sites/" local="129315762720000000" remote="130579584970000000" Dst="2" />
<file name="face021.bmp" server="myfiles.stat.ucla.edu/Sites/" local="129315762720000000" remote="130579584970000000" Dst="2" />
<file name="face022.bmp" server="myfiles.stat.ucla.edu/Sites/" local="129315762720000000" remote="130579584970000000" Dst="2" />
<file name="face023.bmp" server="myfiles.stat.ucla.edu/Sites/" local="129315762720000000" remote="130579584970000000" Dst="2" />
<file name="face024.bmp" server="myfiles.stat.ucla.edu/Sites/" local="129315762720000000" remote="130579584970000000" Dst="2" />
<file name="face025.bmp" server="myfiles.stat.ucla.edu/Sites/" local="129315762720000000" remote="130579584970000000" Dst="2" />
<file name="face026.bmp" server="myfiles.stat.ucla.edu/Sites/" local="129315762720000000" remote="130579584970000000" Dst="2" />
<file name="face027.bmp" server="myfiles.stat.ucla.edu/Sites/" local="129315762720000000" remote="130579584970000000" Dst="2" />
<file name="face028.bmp" server="myfiles.stat.ucla.edu/Sites/" local="129315762720000000" remote="130579584970000000" Dst="2" />
<file name="face029.bmp" server="myfiles.stat.ucla.edu/Sites/" local="129315762720000000" remote="130579584970000000" Dst="2" />
<file name="face030.bmp" server="myfiles.stat.ucla.edu/Sites/" local="129315762720000000" remote="130579584970000000" Dst="2" />
<file name="face031.bmp" server="myfiles.stat.ucla.edu/Sites/" local="129315762720000000" remote="130579584970000000" Dst="2" />
<file name="face032.bmp" server="myfiles.stat.ucla.edu/Sites/" local="129315762720000000" remote="130579584970000000" Dst="2" />
<file name="face033.bmp" server="myfiles.stat.ucla.edu/Sites/" local="129315762720000000" remote="130579584970000000" Dst="2" />
<file name="face034.bmp" server="myfiles.stat.ucla.edu/Sites/" local="129315762720000000" remote="130579584970000000" Dst="2" />
<file name="face035.bmp" server="myfiles.stat.ucla.edu/Sites/" local="129315762720000000" remote="130579584970000000" Dst="2" />
<file name="face036.bmp" server="myfiles.stat.ucla.edu/Sites/" local="129315762720000000" remote="130579584970000000" Dst="2" />
<file name="face037.bmp" server="myfiles.stat.ucla.edu/Sites/" local="129315762720000000" remote="130579584970000000" Dst="2" />
<file name="face038.bmp" server="myfiles.stat.ucla.edu/Sites/" local="129315762720000000" remote="130579584970000000" Dst="2" />
<file name="face039.bmp" server="myfiles.stat.ucla.edu/Sites/" local="129315762720000000" remote="130579584970000000" Dst="2" />
<file name="face040.bmp" server="myfiles.stat.ucla.edu/Sites/" local="129315762720000000" remote="130579584970000000" Dst="2" />
<file name="face041.bmp" server="myfiles.stat.ucla.edu/Sites/" local="129315762720000000" remote="130579584970000000" Dst="2" />
<file name="face042.bmp" server="myfiles.stat.ucla.edu/Sites/" local="129315762720000000" remote="130579584970000000" Dst="2" />
<file name="face043.bmp" server="myfiles.stat.ucla.edu/Sites/" local="129315762720000000" remote="130579584970000000" Dst="2" />
<file name="face044.bmp" server="myfiles.stat.ucla.edu/Sites/" local="129315762720000000" remote="130579584970000000" Dst="2" />
<file name="face045.bmp" server="myfiles.stat.ucla.edu/Sites/" local="129315762720000000" remote="130579584970000000" Dst="2" />
<file name="face046.bmp" server="myfiles.stat.ucla.edu/Sites/" local="129315762720000000" remote="130579584970000000" Dst="2" />
<file name="face047.bmp" server="myfiles.stat.ucla.edu/Sites/" local="129315762720000000" remote="130579584970000000" Dst="2" />
<file name="face048.bmp" server="myfiles.stat.ucla.edu/Sites/" local="129315762720000000" remote="130579584970000000" Dst="2" />
<file name="face049.bmp" server="myfiles.stat.ucla.edu/Sites/" local="129315762720000000" remote="130579584970000000" Dst="2" />
<file name="face050.bmp" server="myfiles.stat.ucla.edu/Sites/" local="129315762720000000" remote="130579584970000000" Dst="2" />
<file name="face051.bmp" server="myfiles.stat.ucla.edu/Sites/" local="129315762720000000" remote="130579584970000000" Dst="2" />
<file name="face052.bmp" server="myfiles.stat.ucla.edu/Sites/" local="129315762720000000" remote="130579584970000000" Dst="2" />
<file name="face053.bmp" server="myfiles.stat.ucla.edu/Sites/" local="129315762720000000" remote="130579584970000000" Dst="2" />
<file name="face054.bmp" server="myfiles.stat.ucla.edu/Sites/" local="129315762720000000" remote="130579584970000000" Dst="2" />
<file name="face055.bmp" server="myfiles.stat.ucla.edu/Sites/" local="129315762720000000" remote="130579584970000000" Dst="2" />
<file name="face056.bmp" server="myfiles.stat.ucla.edu/Sites/" local="129315762720000000" remote="130579584970000000" Dst="2" />
<file name="face058.bmp" server="myfiles.stat.ucla.edu/Sites/" local="129315762720000000" remote="130579584970000000" Dst="2" />
<file name="face059.bmp" server="myfiles.stat.ucla.edu/Sites/" local="129315762720000000" remote="130579584970000000" Dst="2" />
<file name="face060.bmp" server="myfiles.stat.ucla.edu/Sites/" local="129315762720000000" remote="130579584970000000" Dst="2" />
<file name="face061.bmp" server="myfiles.stat.ucla.edu/Sites/" local="129315762720000000" remote="130579584970000000" Dst="2" />
<file name="face062.bmp" server="myfiles.stat.ucla.edu/Sites/" local="129315762720000000" remote="130579584970000000" Dst="2" />
<file name="face063.bmp" server="myfiles.stat.ucla.edu/Sites/" local="129315762720000000" remote="130579584970000000" Dst="2" />
<file name="face064.bmp" server="myfiles.stat.ucla.edu/Sites/" local="129315762720000000" remote="130579584970000000" Dst="2" />
<file name="face065.bmp" server="myfiles.stat.ucla.edu/Sites/" local="129315762720000000" remote="130579584980000000" Dst="2" />
<file name="face066.bmp" server="myfiles.stat.ucla.edu/Sites/" local="129315762720000000" remote="130579584980000000" Dst="2" />
<file name="face067.bmp" server="myfiles.stat.ucla.edu/Sites/" local="129315762720000000" remote="130579584980000000" Dst="2" />
<file name="face068.bmp" server="myfiles.stat.ucla.edu/Sites/" local="129315762720000000" remote="130579584980000000" Dst="2" />
<file name="face069.bmp" server="myfiles.stat.ucla.edu/Sites/" local="129315762720000000" remote="130579584980000000" Dst="2" />
<file name="face070.bmp" server="myfiles.stat.ucla.edu/Sites/" local="129315762720000000" remote="130579584980000000" Dst="2" />
<file name="face071.bmp" server="myfiles.stat.ucla.edu/Sites/" local="129315762720000000" remote="130579584980000000" Dst="2" />
<file name="face072.bmp" server="myfiles.stat.ucla.edu/Sites/" local="129315762720000000" remote="130579584980000000" Dst="2" />
<file name="face073.bmp" server="myfiles.stat.ucla.edu/Sites/" local="129315762720000000" remote="130579584980000000" Dst="2" />
<file name="face074.bmp" server="myfiles.stat.ucla.edu/Sites/" local="129315762720000000" remote="130579584980000000" Dst="2" />
<file name="face075.bmp" server="myfiles.stat.ucla.edu/Sites/" local="129315762720000000" remote="130579584980000000" Dst="2" />
<file name="face076.bmp" server="myfiles.stat.ucla.edu/Sites/" local="129315762720000000" remote="130579584980000000" Dst="2" />
<file name="face077.bmp" server="myfiles.stat.ucla.edu/Sites/" local="129315762720000000" remote="130579584980000000" Dst="2" />
<file name="face078.bmp" server="myfiles.stat.ucla.edu/Sites/" local="129315762720000000" remote="130579584980000000" Dst="2" />
<file name="face079.bmp" server="myfiles.stat.ucla.edu/Sites/" local="129315762720000000" remote="130579584980000000" Dst="2" />
<file name="face080.bmp" server="myfiles.stat.ucla.edu/Sites/" local="129315762720000000" remote="130579584980000000" Dst="2" />
<file name="face081.bmp" server="myfiles.stat.ucla.edu/Sites/" local="129315762720000000" remote="130579584980000000" Dst="2" />
<file name="face082.bmp" server="myfiles.stat.ucla.edu/Sites/" local="129315762720000000" remote="130579584980000000" Dst="2" />
<file name="face083.bmp" server="myfiles.stat.ucla.edu/Sites/" local="129315762720000000" remote="130579584980000000" Dst="2" />
<file name="face084.bmp" server="myfiles.stat.ucla.edu/Sites/" local="129315762720000000" remote="130579584980000000" Dst="2" />
<file name="face085.bmp" server="myfiles.stat.ucla.edu/Sites/" local="129315762720000000" remote="130579584980000000" Dst="2" />
<file name="face086.bmp" server="myfiles.stat.ucla.edu/Sites/" local="129315762720000000" remote="130579584980000000" Dst="2" />
<file name="face087.bmp" server="myfiles.stat.ucla.edu/Sites/" local="129315762720000000" remote="130579584980000000" Dst="2" />
<file name="face088.bmp" server="myfiles.stat.ucla.edu/Sites/" local="129315762720000000" remote="130579584980000000" Dst="2" />
</dwsync>