<?xml version="1.0" encoding="utf-8" ?>
<dwsync>
<file name="face000_87pt.txt" server="myfiles.stat.ucla.edu/Sites/" local="129957803475529692" remote="130579584940000000" Dst="2" />
<file name="face001_87pt.txt" server="myfiles.stat.ucla.edu/Sites/" local="129957803475599696" remote="130579584940000000" Dst="2" />
<file name="face002_87pt.txt" server="myfiles.stat.ucla.edu/Sites/" local="129957803475639698" remote="130579584940000000" Dst="2" />
<file name="face003_87pt.txt" server="myfiles.stat.ucla.edu/Sites/" local="129957803475689701" remote="130579584940000000" Dst="2" />
<file name="face004_87pt.txt" server="myfiles.stat.ucla.edu/Sites/" local="129957803475749704" remote="130579584940000000" Dst="2" />
<file name="face005_87pt.txt" server="myfiles.stat.ucla.edu/Sites/" local="129957803475789707" remote="130579584940000000" Dst="2" />
<file name="face006_87pt.txt" server="myfiles.stat.ucla.edu/Sites/" local="129957803475839710" remote="130579584940000000" Dst="2" />
<file name="face007_87pt.txt" server="myfiles.stat.ucla.edu/Sites/" local="129957803475889712" remote="130579584940000000" Dst="2" />
<file name="face008_87pt.txt" server="myfiles.stat.ucla.edu/Sites/" local="129957803475929715" remote="130579584940000000" Dst="2" />
<file name="face009_87pt.txt" server="myfiles.stat.ucla.edu/Sites/" local="129957803475979718" remote="130579584940000000" Dst="2" />
<file name="face010_87pt.txt" server="myfiles.stat.ucla.edu/Sites/" local="129957803476019720" remote="130579584940000000" Dst="2" />
<file name="face011_87pt.txt" server="myfiles.stat.ucla.edu/Sites/" local="129957803476069723" remote="130579584940000000" Dst="2" />
<file name="face012_87pt.txt" server="myfiles.stat.ucla.edu/Sites/" local="129957803476109725" remote="130579584940000000" Dst="2" />
<file name="face013_87pt.txt" server="myfiles.stat.ucla.edu/Sites/" local="129957803476159728" remote="130579584940000000" Dst="2" />
<file name="face014_87pt.txt" server="myfiles.stat.ucla.edu/Sites/" local="129957803476199730" remote="130579584940000000" Dst="2" />
<file name="face015_87pt.txt" server="myfiles.stat.ucla.edu/Sites/" local="129957803476249733" remote="130579584940000000" Dst="2" />
<file name="face016_87pt.txt" server="myfiles.stat.ucla.edu/Sites/" local="129957803476289735" remote="130579584940000000" Dst="2" />
<file name="face017_87pt.txt" server="myfiles.stat.ucla.edu/Sites/" local="129957803476329738" remote="130579584940000000" Dst="2" />
<file name="face018_87pt.txt" server="myfiles.stat.ucla.edu/Sites/" local="129957803476379741" remote="130579584940000000" Dst="2" />
<file name="face019_87pt.txt" server="myfiles.stat.ucla.edu/Sites/" local="129957803476429743" remote="130579584940000000" Dst="2" />
<file name="face020_87pt.txt" server="myfiles.stat.ucla.edu/Sites/" local="129957803476479746" remote="130579584940000000" Dst="2" />
<file name="face021_87pt.txt" server="myfiles.stat.ucla.edu/Sites/" local="129957803476519749" remote="130579584940000000" Dst="2" />
<file name="face022_87pt.txt" server="myfiles.stat.ucla.edu/Sites/" local="129957803476559751" remote="130579584940000000" Dst="2" />
<file name="face023_87pt.txt" server="myfiles.stat.ucla.edu/Sites/" local="129957803476609754" remote="130579584940000000" Dst="2" />
<file name="face024_87pt.txt" server="myfiles.stat.ucla.edu/Sites/" local="129957803476649756" remote="130579584940000000" Dst="2" />
<file name="face025_87pt.txt" server="myfiles.stat.ucla.edu/Sites/" local="129957803476689758" remote="130579584940000000" Dst="2" />
<file name="face026_87pt.txt" server="myfiles.stat.ucla.edu/Sites/" local="129957803476739761" remote="130579584940000000" Dst="2" />
<file name="face027_87pt.txt" server="myfiles.stat.ucla.edu/Sites/" local="129957803476789764" remote="130579584940000000" Dst="2" />
<file name="face028_87pt.txt" server="myfiles.stat.ucla.edu/Sites/" local="129957803476839767" remote="130579584940000000" Dst="2" />
<file name="face029_87pt.txt" server="myfiles.stat.ucla.edu/Sites/" local="129957803476969774" remote="130579584940000000" Dst="2" />
<file name="face030_87pt.txt" server="myfiles.stat.ucla.edu/Sites/" local="129957803477019777" remote="130579584940000000" Dst="2" />
<file name="face031_87pt.txt" server="myfiles.stat.ucla.edu/Sites/" local="129957803477069780" remote="130579584940000000" Dst="2" />
<file name="face032_87pt.txt" server="myfiles.stat.ucla.edu/Sites/" local="129957803477109782" remote="130579584940000000" Dst="2" />
<file name="face033_87pt.txt" server="myfiles.stat.ucla.edu/Sites/" local="129957803477159785" remote="130579584940000000" Dst="2" />
<file name="face034_87pt.txt" server="myfiles.stat.ucla.edu/Sites/" local="129957803477209788" remote="130579584940000000" Dst="2" />
<file name="face035_87pt.txt" server="myfiles.stat.ucla.edu/Sites/" local="129957803477259791" remote="130579584940000000" Dst="2" />
<file name="face036_87pt.txt" server="myfiles.stat.ucla.edu/Sites/" local="129957803477309794" remote="130579584940000000" Dst="2" />
<file name="face037_87pt.txt" server="myfiles.stat.ucla.edu/Sites/" local="129957803477369797" remote="130579584940000000" Dst="2" />
<file name="face038_87pt.txt" server="myfiles.stat.ucla.edu/Sites/" local="129957803477419800" remote="130579584940000000" Dst="2" />
<file name="face039_87pt.txt" server="myfiles.stat.ucla.edu/Sites/" local="129957803477469803" remote="130579584940000000" Dst="2" />
<file name="face040_87pt.txt" server="myfiles.stat.ucla.edu/Sites/" local="129957803477519806" remote="130579584940000000" Dst="2" />
<file name="face041_87pt.txt" server="myfiles.stat.ucla.edu/Sites/" local="129957803477679815" remote="130579584940000000" Dst="2" />
<file name="face042_87pt.txt" server="myfiles.stat.ucla.edu/Sites/" local="129957803477729818" remote="130579584940000000" Dst="2" />
<file name="face043_87pt.txt" server="myfiles.stat.ucla.edu/Sites/" local="129957803477779821" remote="130579584940000000" Dst="2" />
<file name="face044_87pt.txt" server="myfiles.stat.ucla.edu/Sites/" local="129957803477829823" remote="130579584940000000" Dst="2" />
<file name="face045_87pt.txt" server="myfiles.stat.ucla.edu/Sites/" local="129957803477869826" remote="130579584940000000" Dst="2" />
<file name="face046_87pt.txt" server="myfiles.stat.ucla.edu/Sites/" local="129957803477919829" remote="130579584940000000" Dst="2" />
<file name="face047_87pt.txt" server="myfiles.stat.ucla.edu/Sites/" local="129957803477969831" remote="130579584940000000" Dst="2" />
<file name="face048_87pt.txt" server="myfiles.stat.ucla.edu/Sites/" local="129957803478039835" remote="130579584940000000" Dst="2" />
<file name="face049_87pt.txt" server="myfiles.stat.ucla.edu/Sites/" local="129957803478079838" remote="130579584940000000" Dst="2" />
<file name="face050_87pt.txt" server="myfiles.stat.ucla.edu/Sites/" local="129957803478129841" remote="130579584940000000" Dst="2" />
<file name="face051_87pt.txt" server="myfiles.stat.ucla.edu/Sites/" local="129957803478179843" remote="130579584940000000" Dst="2" />
<file name="face052_87pt.txt" server="myfiles.stat.ucla.edu/Sites/" local="129957803478449859" remote="130579584940000000" Dst="2" />
<file name="face053_87pt.txt" server="myfiles.stat.ucla.edu/Sites/" local="129957803478499862" remote="130579584940000000" Dst="2" />
<file name="face054_87pt.txt" server="myfiles.stat.ucla.edu/Sites/" local="129957803478549865" remote="130579584940000000" Dst="2" />
<file name="face055_87pt.txt" server="myfiles.stat.ucla.edu/Sites/" local="129957803478799879" remote="130579584940000000" Dst="2" />
<file name="face056_87pt.txt" server="myfiles.stat.ucla.edu/Sites/" local="129957803478849882" remote="130579584940000000" Dst="2" />
<file name="face057_87pt.txt" server="myfiles.stat.ucla.edu/Sites/" local="129957803478899885" remote="130579584940000000" Dst="2" />
<file name="face058_87pt.txt" server="myfiles.stat.ucla.edu/Sites/" local="129957803478949888" remote="130579584940000000" Dst="2" />
<file name="face059_87pt.txt" server="myfiles.stat.ucla.edu/Sites/" local="129957803478999890" remote="130579584940000000" Dst="2" />
<file name="face060_87pt.txt" server="myfiles.stat.ucla.edu/Sites/" local="129957803479049893" remote="130579584940000000" Dst="2" />
<file name="face061_87pt.txt" server="myfiles.stat.ucla.edu/Sites/" local="129957803479099896" remote="130579584940000000" Dst="2" />
<file name="face062_87pt.txt" server="myfiles.stat.ucla.edu/Sites/" local="129957803479159900" remote="130579584940000000" Dst="2" />
<file name="face063_87pt.txt" server="myfiles.stat.ucla.edu/Sites/" local="129957803479219903" remote="130579584940000000" Dst="2" />
<file name="face064_87pt.txt" server="myfiles.stat.ucla.edu/Sites/" local="129957803479259905" remote="130579584940000000" Dst="2" />
<file name="face065_87pt.txt" server="myfiles.stat.ucla.edu/Sites/" local="129957803479319909" remote="130579584940000000" Dst="2" />
<file name="face066_87pt.txt" server="myfiles.stat.ucla.edu/Sites/" local="129957803479369912" remote="130579584940000000" Dst="2" />
<file name="face067_87pt.txt" server="myfiles.stat.ucla.edu/Sites/" local="129957803479419914" remote="130579584940000000" Dst="2" />
<file name="face068_87pt.txt" server="myfiles.stat.ucla.edu/Sites/" local="129957803479469917" remote="130579584940000000" Dst="2" />
<file name="face069_87pt.txt" server="myfiles.stat.ucla.edu/Sites/" local="129957803479529921" remote="130579584940000000" Dst="2" />
<file name="face070_87pt.txt" server="myfiles.stat.ucla.edu/Sites/" local="129957803479579924" remote="130579584940000000" Dst="2" />
<file name="face071_87pt.txt" server="myfiles.stat.ucla.edu/Sites/" local="129957803479639927" remote="130579584940000000" Dst="2" />
<file name="face072_87pt.txt" server="myfiles.stat.ucla.edu/Sites/" local="129957803479689930" remote="130579584940000000" Dst="2" />
<file name="face073_87pt.txt" server="myfiles.stat.ucla.edu/Sites/" local="129957803479869940" remote="130579584940000000" Dst="2" />
<file name="face074_87pt.txt" server="myfiles.stat.ucla.edu/Sites/" local="129957803479919943" remote="130579584940000000" Dst="2" />
<file name="face075_87pt.txt" server="myfiles.stat.ucla.edu/Sites/" local="129957803479979946" remote="130579584940000000" Dst="2" />
<file name="face076_87pt.txt" server="myfiles.stat.ucla.edu/Sites/" local="129957803480039950" remote="130579584940000000" Dst="2" />
<file name="face077_87pt.txt" server="myfiles.stat.ucla.edu/Sites/" local="129957803480099953" remote="130579584950000000" Dst="2" />
<file name="face078_87pt.txt" server="myfiles.stat.ucla.edu/Sites/" local="129957803480149956" remote="130579584950000000" Dst="2" />
<file name="face079_87pt.txt" server="myfiles.stat.ucla.edu/Sites/" local="129957803480209960" remote="130579584950000000" Dst="2" />
<file name="face080_87pt.txt" server="myfiles.stat.ucla.edu/Sites/" local="129957803480269963" remote="130579584950000000" Dst="2" />
<file name="face081_87pt.txt" server="myfiles.stat.ucla.edu/Sites/" local="129957803480329966" remote="130579584950000000" Dst="2" />
<file name="face082_87pt.txt" server="myfiles.stat.ucla.edu/Sites/" local="129957803480379969" remote="130579584950000000" Dst="2" />
<file name="face083_87pt.txt" server="myfiles.stat.ucla.edu/Sites/" local="129957803480439973" remote="130579584950000000" Dst="2" />
<file name="face084_87pt.txt" server="myfiles.stat.ucla.edu/Sites/" local="129957803480499976" remote="130579584950000000" Dst="2" />
</dwsync>