<?xml version="1.0" encoding="utf-8" ?>
<dwsync>
<file name="face000_87pt.txt" server="myfiles.stat.ucla.edu/Sites/" local="129957803457088637" remote="130579584980000000" Dst="2" />
<file name="face001_87pt.txt" server="myfiles.stat.ucla.edu/Sites/" local="129957803457158641" remote="130579584980000000" Dst="2" />
<file name="face002_87pt.txt" server="myfiles.stat.ucla.edu/Sites/" local="129957803457198643" remote="130579584980000000" Dst="2" />
<file name="face003_87pt.txt" server="myfiles.stat.ucla.edu/Sites/" local="129957803457248646" remote="130579584980000000" Dst="2" />
<file name="face004_87pt.txt" server="myfiles.stat.ucla.edu/Sites/" local="129957803457288649" remote="130579584980000000" Dst="2" />
<file name="face005_87pt.txt" server="myfiles.stat.ucla.edu/Sites/" local="129957803457338651" remote="130579584980000000" Dst="2" />
<file name="face006_87pt.txt" server="myfiles.stat.ucla.edu/Sites/" local="129957803457378654" remote="130579584980000000" Dst="2" />
<file name="face007_87pt.txt" server="myfiles.stat.ucla.edu/Sites/" local="129957803457418656" remote="130579584980000000" Dst="2" />
<file name="face008_87pt.txt" server="myfiles.stat.ucla.edu/Sites/" local="129957803457458658" remote="130579584980000000" Dst="2" />
<file name="face009_87pt.txt" server="myfiles.stat.ucla.edu/Sites/" local="129957803457508661" remote="130579584980000000" Dst="2" />
<file name="face010_87pt.txt" server="myfiles.stat.ucla.edu/Sites/" local="129957803457548663" remote="130579584980000000" Dst="2" />
<file name="face011_87pt.txt" server="myfiles.stat.ucla.edu/Sites/" local="129957803457598666" remote="130579584980000000" Dst="2" />
<file name="face012_87pt.txt" server="myfiles.stat.ucla.edu/Sites/" local="129957803457638669" remote="130579584980000000" Dst="2" />
<file name="face013_87pt.txt" server="myfiles.stat.ucla.edu/Sites/" local="129957803457678671" remote="130579584980000000" Dst="2" />
<file name="face014_87pt.txt" server="myfiles.stat.ucla.edu/Sites/" local="129957803457728674" remote="130579584980000000" Dst="2" />
<file name="face015_87pt.txt" server="myfiles.stat.ucla.edu/Sites/" local="129957803457928685" remote="130579584980000000" Dst="2" />
<file name="face016_87pt.txt" server="myfiles.stat.ucla.edu/Sites/" local="129957803458068693" remote="130579584980000000" Dst="2" />
<file name="face017_87pt.txt" server="myfiles.stat.ucla.edu/Sites/" local="129957803458208701" remote="130579584980000000" Dst="2" />
<file name="face018_87pt.txt" server="myfiles.stat.ucla.edu/Sites/" local="129957803458368710" remote="130579584980000000" Dst="2" />
<file name="face019_87pt.txt" server="myfiles.stat.ucla.edu/Sites/" local="129957803458518719" remote="130579584980000000" Dst="2" />
<file name="face020_87pt.txt" server="myfiles.stat.ucla.edu/Sites/" local="129957803458668728" remote="130579584980000000" Dst="2" />
<file name="face021_87pt.txt" server="myfiles.stat.ucla.edu/Sites/" local="129957803458818736" remote="130579584980000000" Dst="2" />
<file name="face022_87pt.txt" server="myfiles.stat.ucla.edu/Sites/" local="129957803458968745" remote="130579584980000000" Dst="2" />
<file name="face023_87pt.txt" server="myfiles.stat.ucla.edu/Sites/" local="129957803459118753" remote="130579584980000000" Dst="2" />
<file name="face024_87pt.txt" server="myfiles.stat.ucla.edu/Sites/" local="129957803459268762" remote="130579584980000000" Dst="2" />
<file name="face025_87pt.txt" server="myfiles.stat.ucla.edu/Sites/" local="129957803459418770" remote="130579584980000000" Dst="2" />
<file name="face026_87pt.txt" server="myfiles.stat.ucla.edu/Sites/" local="129957803459568779" remote="130579584980000000" Dst="2" />
<file name="face027_87pt.txt" server="myfiles.stat.ucla.edu/Sites/" local="129957803459718788" remote="130579584980000000" Dst="2" />
<file name="face028_87pt.txt" server="myfiles.stat.ucla.edu/Sites/" local="129957803459878797" remote="130579584980000000" Dst="2" />
<file name="face029_87pt.txt" server="myfiles.stat.ucla.edu/Sites/" local="129957803460028805" remote="130579584980000000" Dst="2" />
<file name="face030_87pt.txt" server="myfiles.stat.ucla.edu/Sites/" local="129957803460188814" remote="130579584980000000" Dst="2" />
<file name="face031_87pt.txt" server="myfiles.stat.ucla.edu/Sites/" local="129957803460338823" remote="130579584980000000" Dst="2" />
<file name="face032_87pt.txt" server="myfiles.stat.ucla.edu/Sites/" local="129957803460488832" remote="130579584980000000" Dst="2" />
<file name="face033_87pt.txt" server="myfiles.stat.ucla.edu/Sites/" local="129957803460638840" remote="130579584980000000" Dst="2" />
<file name="face034_87pt.txt" server="myfiles.stat.ucla.edu/Sites/" local="129957803460788849" remote="130579584980000000" Dst="2" />
<file name="face035_87pt.txt" server="myfiles.stat.ucla.edu/Sites/" local="129957803460948858" remote="130579584980000000" Dst="2" />
<file name="face036_87pt.txt" server="myfiles.stat.ucla.edu/Sites/" local="129957803461088866" remote="130579584980000000" Dst="2" />
<file name="face037_87pt.txt" server="myfiles.stat.ucla.edu/Sites/" local="129957803461238875" remote="130579584980000000" Dst="2" />
<file name="face038_87pt.txt" server="myfiles.stat.ucla.edu/Sites/" local="129957803461388883" remote="130579584980000000" Dst="2" />
<file name="face039_87pt.txt" server="myfiles.stat.ucla.edu/Sites/" local="129957803461538892" remote="130579584980000000" Dst="2" />
<file name="face040_87pt.txt" server="myfiles.stat.ucla.edu/Sites/" local="129957803461688900" remote="130579584980000000" Dst="2" />
<file name="face041_87pt.txt" server="myfiles.stat.ucla.edu/Sites/" local="129957803461848909" remote="130579584980000000" Dst="2" />
<file name="face042_87pt.txt" server="myfiles.stat.ucla.edu/Sites/" local="129957803461998918" remote="130579584980000000" Dst="2" />
<file name="face043_87pt.txt" server="myfiles.stat.ucla.edu/Sites/" local="129957803462218931" remote="130579584980000000" Dst="2" />
<file name="face044_87pt.txt" server="myfiles.stat.ucla.edu/Sites/" local="129957803462438943" remote="130579584980000000" Dst="2" />
<file name="face045_87pt.txt" server="myfiles.stat.ucla.edu/Sites/" local="129957803462658956" remote="130579584980000000" Dst="2" />
<file name="face046_87pt.txt" server="myfiles.stat.ucla.edu/Sites/" local="129957803462878968" remote="130579584980000000" Dst="2" />
<file name="face047_87pt.txt" server="myfiles.stat.ucla.edu/Sites/" local="129957803463098981" remote="130579584980000000" Dst="2" />
<file name="face048_87pt.txt" server="myfiles.stat.ucla.edu/Sites/" local="129957803463318993" remote="130579584980000000" Dst="2" />
<file name="face049_87pt.txt" server="myfiles.stat.ucla.edu/Sites/" local="129957803463539006" remote="130579584980000000" Dst="2" />
<file name="face050_87pt.txt" server="myfiles.stat.ucla.edu/Sites/" local="129957803463769019" remote="130579584980000000" Dst="2" />
<file name="face051_87pt.txt" server="myfiles.stat.ucla.edu/Sites/" local="129957803463989032" remote="130579584980000000" Dst="2" />
<file name="face052_87pt.txt" server="myfiles.stat.ucla.edu/Sites/" local="129957803464219045" remote="130579584980000000" Dst="2" />
<file name="face053_87pt.txt" server="myfiles.stat.ucla.edu/Sites/" local="129957803464439058" remote="130579584980000000" Dst="2" />
<file name="face054_87pt.txt" server="myfiles.stat.ucla.edu/Sites/" local="129957803464649070" remote="130579584980000000" Dst="2" />
<file name="face055_87pt.txt" server="myfiles.stat.ucla.edu/Sites/" local="129957803464879083" remote="130579584980000000" Dst="2" />
<file name="face056_87pt.txt" server="myfiles.stat.ucla.edu/Sites/" local="129957803465089095" remote="130579584980000000" Dst="2" />
<file name="face058_87pt.txt" server="myfiles.stat.ucla.edu/Sites/" local="129957803465629126" remote="130579584980000000" Dst="2" />
<file name="face059_87pt.txt" server="myfiles.stat.ucla.edu/Sites/" local="129957803465929143" remote="130579584980000000" Dst="2" />
<file name="face060_87pt.txt" server="myfiles.stat.ucla.edu/Sites/" local="129957803466239161" remote="130579584980000000" Dst="2" />
<file name="face061_87pt.txt" server="myfiles.stat.ucla.edu/Sites/" local="129957803466559179" remote="130579584980000000" Dst="2" />
<file name="face062_87pt.txt" server="myfiles.stat.ucla.edu/Sites/" local="129957803466869197" remote="130579584990000000" Dst="2" />
<file name="face063_87pt.txt" server="myfiles.stat.ucla.edu/Sites/" local="129957803467189215" remote="130579584990000000" Dst="2" />
<file name="face064_87pt.txt" server="myfiles.stat.ucla.edu/Sites/" local="129957803467509233" remote="130579584990000000" Dst="2" />
<file name="face065_87pt.txt" server="myfiles.stat.ucla.edu/Sites/" local="129957803467829251" remote="130579584990000000" Dst="2" />
<file name="face066_87pt.txt" server="myfiles.stat.ucla.edu/Sites/" local="129957803468139269" remote="130579584990000000" Dst="2" />
<file name="face067_87pt.txt" server="myfiles.stat.ucla.edu/Sites/" local="129957803468459287" remote="130579584990000000" Dst="2" />
<file name="face068_87pt.txt" server="myfiles.stat.ucla.edu/Sites/" local="129957803468769305" remote="130579584990000000" Dst="2" />
<file name="face069_87pt.txt" server="myfiles.stat.ucla.edu/Sites/" local="129957803469289335" remote="130579584990000000" Dst="2" />
<file name="face070_87pt.txt" server="myfiles.stat.ucla.edu/Sites/" local="129957803469609353" remote="130579584990000000" Dst="2" />
<file name="face071_87pt.txt" server="myfiles.stat.ucla.edu/Sites/" local="129957803469919371" remote="130579584990000000" Dst="2" />
<file name="face072_87pt.txt" server="myfiles.stat.ucla.edu/Sites/" local="129957803470229389" remote="130579584990000000" Dst="2" />
<file name="face073_87pt.txt" server="myfiles.stat.ucla.edu/Sites/" local="129957803470559408" remote="130579584990000000" Dst="2" />
<file name="face074_87pt.txt" server="myfiles.stat.ucla.edu/Sites/" local="129957803470879426" remote="130579584990000000" Dst="2" />
<file name="face075_87pt.txt" server="myfiles.stat.ucla.edu/Sites/" local="129957803471189444" remote="130579584990000000" Dst="2" />
<file name="face076_87pt.txt" server="myfiles.stat.ucla.edu/Sites/" local="129957803471519463" remote="130579584990000000" Dst="2" />
<file name="face077_87pt.txt" server="myfiles.stat.ucla.edu/Sites/" local="129957803471829480" remote="130579584990000000" Dst="2" />
<file name="face078_87pt.txt" server="myfiles.stat.ucla.edu/Sites/" local="129957803472159499" remote="130579584990000000" Dst="2" />
<file name="face079_87pt.txt" server="myfiles.stat.ucla.edu/Sites/" local="129957803472469517" remote="130579584990000000" Dst="2" />
<file name="face080_87pt.txt" server="myfiles.stat.ucla.edu/Sites/" local="129957803472779535" remote="130579584990000000" Dst="2" />
<file name="face081_87pt.txt" server="myfiles.stat.ucla.edu/Sites/" local="129957803473099553" remote="130579584990000000" Dst="2" />
<file name="face082_87pt.txt" server="myfiles.stat.ucla.edu/Sites/" local="129957803473409571" remote="130579584990000000" Dst="2" />
<file name="face083_87pt.txt" server="myfiles.stat.ucla.edu/Sites/" local="129957803473729589" remote="130579584990000000" Dst="2" />
<file name="face084_87pt.txt" server="myfiles.stat.ucla.edu/Sites/" local="129957803474049607" remote="130579584990000000" Dst="2" />
<file name="face085_87pt.txt" server="myfiles.stat.ucla.edu/Sites/" local="129957803474379626" remote="130579584990000000" Dst="2" />
<file name="face086_87pt.txt" server="myfiles.stat.ucla.edu/Sites/" local="129957803474699644" remote="130579584990000000" Dst="2" />
<file name="face087_87pt.txt" server="myfiles.stat.ucla.edu/Sites/" local="129957803475019663" remote="130579584990000000" Dst="2" />
<file name="face088_87pt.txt" server="myfiles.stat.ucla.edu/Sites/" local="129957803475359682" remote="130579584990000000" Dst="2" />
</dwsync>