<?xml version="1.0" encoding="utf-8" ?>
<dwsync>
<file name="face000_87pt.dat" server="myfiles.stat.ucla.edu/Sites/" local="127088150380000000" remote="130579584950000000" Dst="2" />
<file name="face001_87pt.dat" server="myfiles.stat.ucla.edu/Sites/" local="127088150380000000" remote="130579584950000000" Dst="2" />
<file name="face002_87pt.dat" server="myfiles.stat.ucla.edu/Sites/" local="127088150380000000" remote="130579584950000000" Dst="2" />
<file name="face003_87pt.dat" server="myfiles.stat.ucla.edu/Sites/" local="127088150380000000" remote="130579584950000000" Dst="2" />
<file name="face004_87pt.dat" server="myfiles.stat.ucla.edu/Sites/" local="127088150380000000" remote="130579584950000000" Dst="2" />
<file name="face005_87pt.dat" server="myfiles.stat.ucla.edu/Sites/" local="127088150380000000" remote="130579584950000000" Dst="2" />
<file name="face006_87pt.dat" server="myfiles.stat.ucla.edu/Sites/" local="127088150380000000" remote="130579584950000000" Dst="2" />
<file name="face007_87pt.dat" server="myfiles.stat.ucla.edu/Sites/" local="127088150380000000" remote="130579584950000000" Dst="2" />
<file name="face008_87pt.dat" server="myfiles.stat.ucla.edu/Sites/" local="127088150380000000" remote="130579584950000000" Dst="2" />
<file name="face009_87pt.dat" server="myfiles.stat.ucla.edu/Sites/" local="127088150380000000" remote="130579584950000000" Dst="2" />
<file name="face010_87pt.dat" server="myfiles.stat.ucla.edu/Sites/" local="127088150380000000" remote="130579584950000000" Dst="2" />
<file name="face011_87pt.dat" server="myfiles.stat.ucla.edu/Sites/" local="127088150380000000" remote="130579584950000000" Dst="2" />
<file name="face012_87pt.dat" server="myfiles.stat.ucla.edu/Sites/" local="127088150380000000" remote="130579584950000000" Dst="2" />
<file name="face013_87pt.dat" server="myfiles.stat.ucla.edu/Sites/" local="127088150380000000" remote="130579584950000000" Dst="2" />
<file name="face014_87pt.dat" server="myfiles.stat.ucla.edu/Sites/" local="127088150380000000" remote="130579584950000000" Dst="2" />
<file name="face015_87pt.dat" server="myfiles.stat.ucla.edu/Sites/" local="127088150380000000" remote="130579584950000000" Dst="2" />
<file name="face016_87pt.dat" server="myfiles.stat.ucla.edu/Sites/" local="127088150380000000" remote="130579584950000000" Dst="2" />
<file name="face017_87pt.dat" server="myfiles.stat.ucla.edu/Sites/" local="127088150380000000" remote="130579584950000000" Dst="2" />
<file name="face018_87pt.dat" server="myfiles.stat.ucla.edu/Sites/" local="127088150380000000" remote="130579584950000000" Dst="2" />
<file name="face019_87pt.dat" server="myfiles.stat.ucla.edu/Sites/" local="127088150380000000" remote="130579584950000000" Dst="2" />
<file name="face020_87pt.dat" server="myfiles.stat.ucla.edu/Sites/" local="127088150380000000" remote="130579584950000000" Dst="2" />
<file name="face021_87pt.dat" server="myfiles.stat.ucla.edu/Sites/" local="127088150380000000" remote="130579584950000000" Dst="2" />
<file name="face022_87pt.dat" server="myfiles.stat.ucla.edu/Sites/" local="127088150380000000" remote="130579584950000000" Dst="2" />
<file name="face023_87pt.dat" server="myfiles.stat.ucla.edu/Sites/" local="127088150380000000" remote="130579584950000000" Dst="2" />
<file name="face024_87pt.dat" server="myfiles.stat.ucla.edu/Sites/" local="127088150380000000" remote="130579584950000000" Dst="2" />
<file name="face025_87pt.dat" server="myfiles.stat.ucla.edu/Sites/" local="127088150380000000" remote="130579584950000000" Dst="2" />
<file name="face026_87pt.dat" server="myfiles.stat.ucla.edu/Sites/" local="127088150380000000" remote="130579584950000000" Dst="2" />
<file name="face027_87pt.dat" server="myfiles.stat.ucla.edu/Sites/" local="127088150380000000" remote="130579584950000000" Dst="2" />
<file name="face028_87pt.dat" server="myfiles.stat.ucla.edu/Sites/" local="127088150380000000" remote="130579584950000000" Dst="2" />
<file name="face029_87pt.dat" server="myfiles.stat.ucla.edu/Sites/" local="127088150380000000" remote="130579584950000000" Dst="2" />
<file name="face030_87pt.dat" server="myfiles.stat.ucla.edu/Sites/" local="127088150380000000" remote="130579584950000000" Dst="2" />
<file name="face031_87pt.dat" server="myfiles.stat.ucla.edu/Sites/" local="127088150380000000" remote="130579584950000000" Dst="2" />
<file name="face032_87pt.dat" server="myfiles.stat.ucla.edu/Sites/" local="127088150380000000" remote="130579584950000000" Dst="2" />
<file name="face033_87pt.dat" server="myfiles.stat.ucla.edu/Sites/" local="127088150380000000" remote="130579584950000000" Dst="2" />
<file name="face034_87pt.dat" server="myfiles.stat.ucla.edu/Sites/" local="127088150380000000" remote="130579584950000000" Dst="2" />
<file name="face035_87pt.dat" server="myfiles.stat.ucla.edu/Sites/" local="127088150380000000" remote="130579584950000000" Dst="2" />
<file name="face036_87pt.dat" server="myfiles.stat.ucla.edu/Sites/" local="127088150380000000" remote="130579584950000000" Dst="2" />
<file name="face037_87pt.dat" server="myfiles.stat.ucla.edu/Sites/" local="127088150380000000" remote="130579584950000000" Dst="2" />
<file name="face038_87pt.dat" server="myfiles.stat.ucla.edu/Sites/" local="127088150380000000" remote="130579584950000000" Dst="2" />
<file name="face039_87pt.dat" server="myfiles.stat.ucla.edu/Sites/" local="127088150380000000" remote="130579584950000000" Dst="2" />
<file name="face040_87pt.dat" server="myfiles.stat.ucla.edu/Sites/" local="127088150380000000" remote="130579584950000000" Dst="2" />
<file name="face041_87pt.dat" server="myfiles.stat.ucla.edu/Sites/" local="127088150380000000" remote="130579584950000000" Dst="2" />
<file name="face042_87pt.dat" server="myfiles.stat.ucla.edu/Sites/" local="127088150380000000" remote="130579584950000000" Dst="2" />
<file name="face043_87pt.dat" server="myfiles.stat.ucla.edu/Sites/" local="127088150380000000" remote="130579584950000000" Dst="2" />
<file name="face044_87pt.dat" server="myfiles.stat.ucla.edu/Sites/" local="127088150380000000" remote="130579584950000000" Dst="2" />
<file name="face045_87pt.dat" server="myfiles.stat.ucla.edu/Sites/" local="127088150380000000" remote="130579584950000000" Dst="2" />
<file name="face046_87pt.dat" server="myfiles.stat.ucla.edu/Sites/" local="127088150380000000" remote="130579584950000000" Dst="2" />
<file name="face047_87pt.dat" server="myfiles.stat.ucla.edu/Sites/" local="127088150380000000" remote="130579584950000000" Dst="2" />
<file name="face048_87pt.dat" server="myfiles.stat.ucla.edu/Sites/" local="127088150380000000" remote="130579584950000000" Dst="2" />
<file name="face049_87pt.dat" server="myfiles.stat.ucla.edu/Sites/" local="127088150380000000" remote="130579584950000000" Dst="2" />
<file name="face050_87pt.dat" server="myfiles.stat.ucla.edu/Sites/" local="127088150380000000" remote="130579584950000000" Dst="2" />
<file name="face051_87pt.dat" server="myfiles.stat.ucla.edu/Sites/" local="127088150380000000" remote="130579584950000000" Dst="2" />
<file name="face052_87pt.dat" server="myfiles.stat.ucla.edu/Sites/" local="127088150380000000" remote="130579584950000000" Dst="2" />
<file name="face053_87pt.dat" server="myfiles.stat.ucla.edu/Sites/" local="127088150380000000" remote="130579584950000000" Dst="2" />
<file name="face054_87pt.dat" server="myfiles.stat.ucla.edu/Sites/" local="127088150380000000" remote="130579584950000000" Dst="2" />
<file name="face055_87pt.dat" server="myfiles.stat.ucla.edu/Sites/" local="127088150380000000" remote="130579584950000000" Dst="2" />
<file name="face056_87pt.dat" server="myfiles.stat.ucla.edu/Sites/" local="127088150380000000" remote="130579584950000000" Dst="2" />
<file name="face057_87pt.dat" server="myfiles.stat.ucla.edu/Sites/" local="127088150380000000" remote="130579584950000000" Dst="2" />
<file name="face058_87pt.dat" server="myfiles.stat.ucla.edu/Sites/" local="127088150380000000" remote="130579584950000000" Dst="2" />
<file name="face059_87pt.dat" server="myfiles.stat.ucla.edu/Sites/" local="127088150380000000" remote="130579584950000000" Dst="2" />
<file name="face060_87pt.dat" server="myfiles.stat.ucla.edu/Sites/" local="127088150380000000" remote="130579584950000000" Dst="2" />
<file name="face061_87pt.dat" server="myfiles.stat.ucla.edu/Sites/" local="127088150380000000" remote="130579584950000000" Dst="2" />
<file name="face062_87pt.dat" server="myfiles.stat.ucla.edu/Sites/" local="127088150380000000" remote="130579584950000000" Dst="2" />
<file name="face063_87pt.dat" server="myfiles.stat.ucla.edu/Sites/" local="127088150380000000" remote="130579584950000000" Dst="2" />
<file name="face064_87pt.dat" server="myfiles.stat.ucla.edu/Sites/" local="127088150380000000" remote="130579584950000000" Dst="2" />
<file name="face065_87pt.dat" server="myfiles.stat.ucla.edu/Sites/" local="127088150380000000" remote="130579584950000000" Dst="2" />
<file name="face066_87pt.dat" server="myfiles.stat.ucla.edu/Sites/" local="127088150380000000" remote="130579584950000000" Dst="2" />
<file name="face067_87pt.dat" server="myfiles.stat.ucla.edu/Sites/" local="127088150380000000" remote="130579584950000000" Dst="2" />
<file name="face068_87pt.dat" server="myfiles.stat.ucla.edu/Sites/" local="127088150380000000" remote="130579584950000000" Dst="2" />
<file name="face069_87pt.dat" server="myfiles.stat.ucla.edu/Sites/" local="127088150380000000" remote="130579584950000000" Dst="2" />
<file name="face070_87pt.dat" server="myfiles.stat.ucla.edu/Sites/" local="127088150380000000" remote="130579584950000000" Dst="2" />
<file name="face071_87pt.dat" server="myfiles.stat.ucla.edu/Sites/" local="127088150380000000" remote="130579584950000000" Dst="2" />
<file name="face072_87pt.dat" server="myfiles.stat.ucla.edu/Sites/" local="127088150380000000" remote="130579584950000000" Dst="2" />
<file name="face073_87pt.dat" server="myfiles.stat.ucla.edu/Sites/" local="127088150380000000" remote="130579584950000000" Dst="2" />
<file name="face074_87pt.dat" server="myfiles.stat.ucla.edu/Sites/" local="127088150380000000" remote="130579584950000000" Dst="2" />
<file name="face075_87pt.dat" server="myfiles.stat.ucla.edu/Sites/" local="127088150380000000" remote="130579584950000000" Dst="2" />
<file name="face076_87pt.dat" server="myfiles.stat.ucla.edu/Sites/" local="127088150380000000" remote="130579584950000000" Dst="2" />
<file name="face077_87pt.dat" server="myfiles.stat.ucla.edu/Sites/" local="127088150380000000" remote="130579584950000000" Dst="2" />
<file name="face078_87pt.dat" server="myfiles.stat.ucla.edu/Sites/" local="127088150380000000" remote="130579584950000000" Dst="2" />
<file name="face079_87pt.dat" server="myfiles.stat.ucla.edu/Sites/" local="127088150380000000" remote="130579584950000000" Dst="2" />
<file name="face080_87pt.dat" server="myfiles.stat.ucla.edu/Sites/" local="127088150380000000" remote="130579584950000000" Dst="2" />
<file name="face081_87pt.dat" server="myfiles.stat.ucla.edu/Sites/" local="127088150380000000" remote="130579584950000000" Dst="2" />
<file name="face082_87pt.dat" server="myfiles.stat.ucla.edu/Sites/" local="127088150380000000" remote="130579584950000000" Dst="2" />
<file name="face083_87pt.dat" server="myfiles.stat.ucla.edu/Sites/" local="127088150400000000" remote="130579584950000000" Dst="2" />
<file name="face084_87pt.dat" server="myfiles.stat.ucla.edu/Sites/" local="127088150400000000" remote="130579584950000000" Dst="2" />
<file name="face085_87pt.dat" server="myfiles.stat.ucla.edu/Sites/" local="127088150400000000" remote="130579584950000000" Dst="2" />
<file name="face086_87pt.dat" server="myfiles.stat.ucla.edu/Sites/" local="127088150400000000" remote="130579584950000000" Dst="2" />
<file name="face087_87pt.dat" server="myfiles.stat.ucla.edu/Sites/" local="127088150400000000" remote="130579584950000000" Dst="2" />
<file name="face088_87pt.dat" server="myfiles.stat.ucla.edu/Sites/" local="127088150400000000" remote="130579584950000000" Dst="2" />
<file name="face089_87pt.dat" server="myfiles.stat.ucla.edu/Sites/" local="127088150400000000" remote="130579584950000000" Dst="2" />
<file name="face090_87pt.dat" server="myfiles.stat.ucla.edu/Sites/" local="127088150400000000" remote="130579584950000000" Dst="2" />
<file name="face091_87pt.dat" server="myfiles.stat.ucla.edu/Sites/" local="127088150400000000" remote="130579584950000000" Dst="2" />
<file name="face092_87pt.dat" server="myfiles.stat.ucla.edu/Sites/" local="127088150400000000" remote="130579584950000000" Dst="2" />
<file name="face093_87pt.dat" server="myfiles.stat.ucla.edu/Sites/" local="127088150400000000" remote="130579584950000000" Dst="2" />
<file name="face094_87pt.dat" server="myfiles.stat.ucla.edu/Sites/" local="127088150400000000" remote="130579584950000000" Dst="2" />
<file name="face095_87pt.dat" server="myfiles.stat.ucla.edu/Sites/" local="127088150400000000" remote="130579584950000000" Dst="2" />
<file name="face096_87pt.dat" server="myfiles.stat.ucla.edu/Sites/" local="127088150400000000" remote="130579584950000000" Dst="2" />
<file name="face097_87pt.dat" server="myfiles.stat.ucla.edu/Sites/" local="127088150400000000" remote="130579584950000000" Dst="2" />
<file name="face098_87pt.dat" server="myfiles.stat.ucla.edu/Sites/" local="127088150400000000" remote="130579584960000000" Dst="2" />
<file name="face099_87pt.dat" server="myfiles.stat.ucla.edu/Sites/" local="127088150400000000" remote="130579584960000000" Dst="2" />
<file name="face100_87pt.dat" server="myfiles.stat.ucla.edu/Sites/" local="127088150400000000" remote="130579584960000000" Dst="2" />
<file name="face101_87pt.dat" server="myfiles.stat.ucla.edu/Sites/" local="127088150400000000" remote="130579584960000000" Dst="2" />
<file name="face102_87pt.dat" server="myfiles.stat.ucla.edu/Sites/" local="127088150400000000" remote="130579584960000000" Dst="2" />
<file name="face104_87pt.dat" server="myfiles.stat.ucla.edu/Sites/" local="127088150400000000" remote="130579584960000000" Dst="2" />
<file name="face105_87pt.dat" server="myfiles.stat.ucla.edu/Sites/" local="127088150400000000" remote="130579584960000000" Dst="2" />
<file name="face106_87pt.dat" server="myfiles.stat.ucla.edu/Sites/" local="127088150400000000" remote="130579584960000000" Dst="2" />
<file name="face107_87pt.dat" server="myfiles.stat.ucla.edu/Sites/" local="127088150400000000" remote="130579584960000000" Dst="2" />
<file name="face108_87pt.dat" server="myfiles.stat.ucla.edu/Sites/" local="127088150400000000" remote="130579584960000000" Dst="2" />
<file name="face109_87pt.dat" server="myfiles.stat.ucla.edu/Sites/" local="127088150400000000" remote="130579584960000000" Dst="2" />
<file name="face110_87pt.dat" server="myfiles.stat.ucla.edu/Sites/" local="127088150400000000" remote="130579584960000000" Dst="2" />
<file name="face111_87pt.dat" server="myfiles.stat.ucla.edu/Sites/" local="127088150400000000" remote="130579584960000000" Dst="2" />
<file name="face112_87pt.dat" server="myfiles.stat.ucla.edu/Sites/" local="127088150400000000" remote="130579584960000000" Dst="2" />
<file name="face113_87pt.dat" server="myfiles.stat.ucla.edu/Sites/" local="127088150400000000" remote="130579584960000000" Dst="2" />
<file name="face114_87pt.dat" server="myfiles.stat.ucla.edu/Sites/" local="127088150400000000" remote="130579584960000000" Dst="2" />
<file name="face115_87pt.dat" server="myfiles.stat.ucla.edu/Sites/" local="127088150400000000" remote="130579584960000000" Dst="2" />
<file name="face116_87pt.dat" server="myfiles.stat.ucla.edu/Sites/" local="127088150400000000" remote="130579584960000000" Dst="2" />
<file name="face117_87pt.dat" server="myfiles.stat.ucla.edu/Sites/" local="127088150400000000" remote="130579584960000000" Dst="2" />
<file name="face118_87pt.dat" server="myfiles.stat.ucla.edu/Sites/" local="127088150400000000" remote="130579584960000000" Dst="2" />
<file name="face119_87pt.dat" server="myfiles.stat.ucla.edu/Sites/" local="127088150400000000" remote="130579584960000000" Dst="2" />
<file name="face120_87pt.dat" server="myfiles.stat.ucla.edu/Sites/" local="127088150400000000" remote="130579584960000000" Dst="2" />
<file name="face121_87pt.dat" server="myfiles.stat.ucla.edu/Sites/" local="127088150400000000" remote="130579584960000000" Dst="2" />
<file name="face122_87pt.dat" server="myfiles.stat.ucla.edu/Sites/" local="127088150400000000" remote="130579584960000000" Dst="2" />
<file name="face123_87pt.dat" server="myfiles.stat.ucla.edu/Sites/" local="127088150400000000" remote="130579584960000000" Dst="2" />
<file name="face124_87pt.dat" server="myfiles.stat.ucla.edu/Sites/" local="127088150400000000" remote="130579584960000000" Dst="2" />
<file name="face125_87pt.dat" server="myfiles.stat.ucla.edu/Sites/" local="127088150400000000" remote="130579584960000000" Dst="2" />
<file name="face126_87pt.dat" server="myfiles.stat.ucla.edu/Sites/" local="127088150400000000" remote="130579584960000000" Dst="2" />
<file name="face127_87pt.dat" server="myfiles.stat.ucla.edu/Sites/" local="127088150400000000" remote="130579584960000000" Dst="2" />
<file name="face128_87pt.dat" server="myfiles.stat.ucla.edu/Sites/" local="127088150400000000" remote="130579584960000000" Dst="2" />
<file name="face129_87pt.dat" server="myfiles.stat.ucla.edu/Sites/" local="127088150400000000" remote="130579584960000000" Dst="2" />
<file name="face130_87pt.dat" server="myfiles.stat.ucla.edu/Sites/" local="127088150400000000" remote="130579584960000000" Dst="2" />
<file name="face131_87pt.dat" server="myfiles.stat.ucla.edu/Sites/" local="127088150400000000" remote="130579584960000000" Dst="2" />
<file name="face132_87pt.dat" server="myfiles.stat.ucla.edu/Sites/" local="127088150400000000" remote="130579584960000000" Dst="2" />
<file name="face133_87pt.dat" server="myfiles.stat.ucla.edu/Sites/" local="127088150400000000" remote="130579584960000000" Dst="2" />
<file name="face134_87pt.dat" server="myfiles.stat.ucla.edu/Sites/" local="127088150400000000" remote="130579584960000000" Dst="2" />
<file name="face135_87pt.dat" server="myfiles.stat.ucla.edu/Sites/" local="127088150400000000" remote="130579584960000000" Dst="2" />
<file name="face136_87pt.dat" server="myfiles.stat.ucla.edu/Sites/" local="127088150400000000" remote="130579584960000000" Dst="2" />
<file name="face137_87pt.dat" server="myfiles.stat.ucla.edu/Sites/" local="127088150400000000" remote="130579584960000000" Dst="2" />
<file name="face138_87pt.dat" server="myfiles.stat.ucla.edu/Sites/" local="127088150400000000" remote="130579584960000000" Dst="2" />
<file name="face139_87pt.dat" server="myfiles.stat.ucla.edu/Sites/" local="127088150400000000" remote="130579584960000000" Dst="2" />
<file name="face140_87pt.dat" server="myfiles.stat.ucla.edu/Sites/" local="127088150400000000" remote="130579584960000000" Dst="2" />
<file name="face141_87pt.dat" server="myfiles.stat.ucla.edu/Sites/" local="127088150400000000" remote="130579584960000000" Dst="2" />
<file name="face142_87pt.dat" server="myfiles.stat.ucla.edu/Sites/" local="127088150400000000" remote="130579584960000000" Dst="2" />
<file name="face143_87pt.dat" server="myfiles.stat.ucla.edu/Sites/" local="127088150400000000" remote="130579584960000000" Dst="2" />
<file name="face144_87pt.dat" server="myfiles.stat.ucla.edu/Sites/" local="127088150400000000" remote="130579584960000000" Dst="2" />
<file name="face145_87pt.dat" server="myfiles.stat.ucla.edu/Sites/" local="127088150400000000" remote="130579584960000000" Dst="2" />
<file name="face146_87pt.dat" server="myfiles.stat.ucla.edu/Sites/" local="127088150400000000" remote="130579584960000000" Dst="2" />
<file name="face147_87pt.dat" server="myfiles.stat.ucla.edu/Sites/" local="127088150400000000" remote="130579584960000000" Dst="2" />
<file name="face148_87pt.dat" server="myfiles.stat.ucla.edu/Sites/" local="127088150400000000" remote="130579584960000000" Dst="2" />
<file name="face149_87pt.dat" server="myfiles.stat.ucla.edu/Sites/" local="127088150400000000" remote="130579584960000000" Dst="2" />
<file name="face150_87pt.dat" server="myfiles.stat.ucla.edu/Sites/" local="127088150400000000" remote="130579584960000000" Dst="2" />
<file name="face151_87pt.dat" server="myfiles.stat.ucla.edu/Sites/" local="127088150400000000" remote="130579584960000000" Dst="2" />
<file name="face152_87pt.dat" server="myfiles.stat.ucla.edu/Sites/" local="127088150400000000" remote="130579584960000000" Dst="2" />
<file name="face153_87pt.dat" server="myfiles.stat.ucla.edu/Sites/" local="127088150400000000" remote="130579584960000000" Dst="2" />
<file name="face154_87pt.dat" server="myfiles.stat.ucla.edu/Sites/" local="127088150400000000" remote="130579584960000000" Dst="2" />
<file name="face155_87pt.dat" server="myfiles.stat.ucla.edu/Sites/" local="127088150400000000" remote="130579584960000000" Dst="2" />
<file name="face156_87pt.dat" server="myfiles.stat.ucla.edu/Sites/" local="127088150400000000" remote="130579584960000000" Dst="2" />
<file name="face157_87pt.dat" server="myfiles.stat.ucla.edu/Sites/" local="127088150400000000" remote="130579584960000000" Dst="2" />
<file name="face158_87pt.dat" server="myfiles.stat.ucla.edu/Sites/" local="127088150400000000" remote="130579584960000000" Dst="2" />
<file name="face159_87pt.dat" server="myfiles.stat.ucla.edu/Sites/" local="127088150400000000" remote="130579584960000000" Dst="2" />
<file name="face160_87pt.dat" server="myfiles.stat.ucla.edu/Sites/" local="127088150400000000" remote="130579584960000000" Dst="2" />
<file name="face161_87pt.dat" server="myfiles.stat.ucla.edu/Sites/" local="127088150400000000" remote="130579584960000000" Dst="2" />
<file name="face162_87pt.dat" server="myfiles.stat.ucla.edu/Sites/" local="127088150400000000" remote="130579584960000000" Dst="2" />
<file name="face163_87pt.dat" server="myfiles.stat.ucla.edu/Sites/" local="127088150400000000" remote="130579584960000000" Dst="2" />
<file name="face164_87pt.dat" server="myfiles.stat.ucla.edu/Sites/" local="127088150400000000" remote="130579584960000000" Dst="2" />
<file name="face165_87pt.dat" server="myfiles.stat.ucla.edu/Sites/" local="127088150400000000" remote="130579584960000000" Dst="2" />
<file name="face166_87pt.dat" server="myfiles.stat.ucla.edu/Sites/" local="127088150400000000" remote="130579584960000000" Dst="2" />
<file name="face167_87pt.dat" server="myfiles.stat.ucla.edu/Sites/" local="127088150400000000" remote="130579584960000000" Dst="2" />
<file name="face168_87pt.dat" server="myfiles.stat.ucla.edu/Sites/" local="127088150400000000" remote="130579584960000000" Dst="2" />
<file name="face169_87pt.dat" server="myfiles.stat.ucla.edu/Sites/" local="127088150400000000" remote="130579584960000000" Dst="2" />
<file name="face170_87pt.dat" server="myfiles.stat.ucla.edu/Sites/" local="127088150400000000" remote="130579584960000000" Dst="2" />
<file name="face171_87pt.dat" server="myfiles.stat.ucla.edu/Sites/" local="127088150400000000" remote="130579584960000000" Dst="2" />
<file name="face172_87pt.dat" server="myfiles.stat.ucla.edu/Sites/" local="127088150400000000" remote="130579584960000000" Dst="2" />
<file name="face173_87pt.dat" server="myfiles.stat.ucla.edu/Sites/" local="127088150400000000" remote="130579584960000000" Dst="2" />
<file name="face174_87pt.dat" server="myfiles.stat.ucla.edu/Sites/" local="127088150400000000" remote="130579584960000000" Dst="2" />
<file name="face175_87pt.dat" server="myfiles.stat.ucla.edu/Sites/" local="127088150400000000" remote="130579584960000000" Dst="2" />
<file name="face176_87pt.dat" server="myfiles.stat.ucla.edu/Sites/" local="127088150420000000" remote="130579584960000000" Dst="2" />
<file name="face177_87pt.dat" server="myfiles.stat.ucla.edu/Sites/" local="127088150420000000" remote="130579584960000000" Dst="2" />
</dwsync>