<?xml version="1.0" encoding="utf-8" ?>
<dwsync>
<file name="face000.bmp" server="myfiles.stat.ucla.edu/Sites/" local="127088150380000000" remote="130579584850000000" Dst="2" />
<file name="face001.bmp" server="myfiles.stat.ucla.edu/Sites/" local="127088150380000000" remote="130579584850000000" Dst="2" />
<file name="face002.bmp" server="myfiles.stat.ucla.edu/Sites/" local="127088150380000000" remote="130579584850000000" Dst="2" />
<file name="face003.bmp" server="myfiles.stat.ucla.edu/Sites/" local="127088150380000000" remote="130579584850000000" Dst="2" />
<file name="face004.bmp" server="myfiles.stat.ucla.edu/Sites/" local="127088150380000000" remote="130579584850000000" Dst="2" />
<file name="face005.bmp" server="myfiles.stat.ucla.edu/Sites/" local="127088150380000000" remote="130579584850000000" Dst="2" />
<file name="face006.bmp" server="myfiles.stat.ucla.edu/Sites/" local="127088150380000000" remote="130579584850000000" Dst="2" />
<file name="face007.bmp" server="myfiles.stat.ucla.edu/Sites/" local="127088150380000000" remote="130579584850000000" Dst="2" />
<file name="face008.bmp" server="myfiles.stat.ucla.edu/Sites/" local="127088150380000000" remote="130579584850000000" Dst="2" />
<file name="face009.bmp" server="myfiles.stat.ucla.edu/Sites/" local="127088150380000000" remote="130579584850000000" Dst="2" />
<file name="face010.bmp" server="myfiles.stat.ucla.edu/Sites/" local="127088150380000000" remote="130579584850000000" Dst="2" />
<file name="face011.bmp" server="myfiles.stat.ucla.edu/Sites/" local="127088150380000000" remote="130579584850000000" Dst="2" />
<file name="face012.bmp" server="myfiles.stat.ucla.edu/Sites/" local="127088150380000000" remote="130579584850000000" Dst="2" />
<file name="face013.bmp" server="myfiles.stat.ucla.edu/Sites/" local="127088150380000000" remote="130579584850000000" Dst="2" />
<file name="face014.bmp" server="myfiles.stat.ucla.edu/Sites/" local="127088150380000000" remote="130579584850000000" Dst="2" />
<file name="face015.bmp" server="myfiles.stat.ucla.edu/Sites/" local="127088150380000000" remote="130579584850000000" Dst="2" />
<file name="face016.bmp" server="myfiles.stat.ucla.edu/Sites/" local="127088150380000000" remote="130579584850000000" Dst="2" />
<file name="face017.bmp" server="myfiles.stat.ucla.edu/Sites/" local="127088150380000000" remote="130579584850000000" Dst="2" />
<file name="face018.bmp" server="myfiles.stat.ucla.edu/Sites/" local="127088150380000000" remote="130579584850000000" Dst="2" />
<file name="face019.bmp" server="myfiles.stat.ucla.edu/Sites/" local="127088150380000000" remote="130579584850000000" Dst="2" />
<file name="face020.bmp" server="myfiles.stat.ucla.edu/Sites/" local="127088150380000000" remote="130579584850000000" Dst="2" />
<file name="face021.bmp" server="myfiles.stat.ucla.edu/Sites/" local="127088150380000000" remote="130579584850000000" Dst="2" />
<file name="face022.bmp" server="myfiles.stat.ucla.edu/Sites/" local="127088150380000000" remote="130579584850000000" Dst="2" />
<file name="face023.bmp" server="myfiles.stat.ucla.edu/Sites/" local="127088150380000000" remote="130579584860000000" Dst="2" />
<file name="face024.bmp" server="myfiles.stat.ucla.edu/Sites/" local="127088150380000000" remote="130579584860000000" Dst="2" />
<file name="face025.bmp" server="myfiles.stat.ucla.edu/Sites/" local="127088150380000000" remote="130579584860000000" Dst="2" />
<file name="face026.bmp" server="myfiles.stat.ucla.edu/Sites/" local="127088150380000000" remote="130579584860000000" Dst="2" />
<file name="face027.bmp" server="myfiles.stat.ucla.edu/Sites/" local="127088150380000000" remote="130579584860000000" Dst="2" />
<file name="face028.bmp" server="myfiles.stat.ucla.edu/Sites/" local="127088150380000000" remote="130579584860000000" Dst="2" />
<file name="face029.bmp" server="myfiles.stat.ucla.edu/Sites/" local="127088150380000000" remote="130579584860000000" Dst="2" />
<file name="face030.bmp" server="myfiles.stat.ucla.edu/Sites/" local="127088150380000000" remote="130579584860000000" Dst="2" />
<file name="face031.bmp" server="myfiles.stat.ucla.edu/Sites/" local="127088150380000000" remote="130579584860000000" Dst="2" />
<file name="face032.bmp" server="myfiles.stat.ucla.edu/Sites/" local="127088150380000000" remote="130579584860000000" Dst="2" />
<file name="face033.bmp" server="myfiles.stat.ucla.edu/Sites/" local="127088150380000000" remote="130579584860000000" Dst="2" />
<file name="face034.bmp" server="myfiles.stat.ucla.edu/Sites/" local="127088150380000000" remote="130579584860000000" Dst="2" />
<file name="face035.bmp" server="myfiles.stat.ucla.edu/Sites/" local="127088150380000000" remote="130579584860000000" Dst="2" />
<file name="face036.bmp" server="myfiles.stat.ucla.edu/Sites/" local="127088150380000000" remote="130579584860000000" Dst="2" />
<file name="face037.bmp" server="myfiles.stat.ucla.edu/Sites/" local="127088150380000000" remote="130579584860000000" Dst="2" />
<file name="face038.bmp" server="myfiles.stat.ucla.edu/Sites/" local="127088150380000000" remote="130579584860000000" Dst="2" />
<file name="face039.bmp" server="myfiles.stat.ucla.edu/Sites/" local="127088150380000000" remote="130579584860000000" Dst="2" />
<file name="face040.bmp" server="myfiles.stat.ucla.edu/Sites/" local="127088150380000000" remote="130579584860000000" Dst="2" />
<file name="face041.bmp" server="myfiles.stat.ucla.edu/Sites/" local="127088150380000000" remote="130579584860000000" Dst="2" />
<file name="face042.bmp" server="myfiles.stat.ucla.edu/Sites/" local="127088150380000000" remote="130579584860000000" Dst="2" />
<file name="face043.bmp" server="myfiles.stat.ucla.edu/Sites/" local="127088150380000000" remote="130579584860000000" Dst="2" />
<file name="face044.bmp" server="myfiles.stat.ucla.edu/Sites/" local="127088150380000000" remote="130579584860000000" Dst="2" />
<file name="face045.bmp" server="myfiles.stat.ucla.edu/Sites/" local="127088150380000000" remote="130579584860000000" Dst="2" />
<file name="face046.bmp" server="myfiles.stat.ucla.edu/Sites/" local="127088150380000000" remote="130579584860000000" Dst="2" />
<file name="face047.bmp" server="myfiles.stat.ucla.edu/Sites/" local="127088150380000000" remote="130579584860000000" Dst="2" />
<file name="face048.bmp" server="myfiles.stat.ucla.edu/Sites/" local="127088150380000000" remote="130579584860000000" Dst="2" />
<file name="face049.bmp" server="myfiles.stat.ucla.edu/Sites/" local="127088150380000000" remote="130579584860000000" Dst="2" />
<file name="face050.bmp" server="myfiles.stat.ucla.edu/Sites/" local="127088150380000000" remote="130579584860000000" Dst="2" />
<file name="face051.bmp" server="myfiles.stat.ucla.edu/Sites/" local="127088150380000000" remote="130579584860000000" Dst="2" />
<file name="face052.bmp" server="myfiles.stat.ucla.edu/Sites/" local="127088150380000000" remote="130579584860000000" Dst="2" />
<file name="face053.bmp" server="myfiles.stat.ucla.edu/Sites/" local="127088150380000000" remote="130579584860000000" Dst="2" />
<file name="face054.bmp" server="myfiles.stat.ucla.edu/Sites/" local="127088150380000000" remote="130579584860000000" Dst="2" />
<file name="face055.bmp" server="myfiles.stat.ucla.edu/Sites/" local="127088150380000000" remote="130579584860000000" Dst="2" />
<file name="face056.bmp" server="myfiles.stat.ucla.edu/Sites/" local="127088150380000000" remote="130579584860000000" Dst="2" />
<file name="face057.bmp" server="myfiles.stat.ucla.edu/Sites/" local="127088150380000000" remote="130579584860000000" Dst="2" />
<file name="face058.bmp" server="myfiles.stat.ucla.edu/Sites/" local="127088150380000000" remote="130579584860000000" Dst="2" />
<file name="face059.bmp" server="myfiles.stat.ucla.edu/Sites/" local="127088150380000000" remote="130579584860000000" Dst="2" />
<file name="face060.bmp" server="myfiles.stat.ucla.edu/Sites/" local="127088150380000000" remote="130579584860000000" Dst="2" />
<file name="face061.bmp" server="myfiles.stat.ucla.edu/Sites/" local="127088150380000000" remote="130579584860000000" Dst="2" />
<file name="face062.bmp" server="myfiles.stat.ucla.edu/Sites/" local="127088150380000000" remote="130579584860000000" Dst="2" />
<file name="face063.bmp" server="myfiles.stat.ucla.edu/Sites/" local="127088150380000000" remote="130579584860000000" Dst="2" />
<file name="face064.bmp" server="myfiles.stat.ucla.edu/Sites/" local="127088150380000000" remote="130579584860000000" Dst="2" />
<file name="face065.bmp" server="myfiles.stat.ucla.edu/Sites/" local="127088150380000000" remote="130579584860000000" Dst="2" />
<file name="face066.bmp" server="myfiles.stat.ucla.edu/Sites/" local="127088150380000000" remote="130579584860000000" Dst="2" />
<file name="face067.bmp" server="myfiles.stat.ucla.edu/Sites/" local="127088150380000000" remote="130579584860000000" Dst="2" />
<file name="face068.bmp" server="myfiles.stat.ucla.edu/Sites/" local="127088150380000000" remote="130579584860000000" Dst="2" />
<file name="face069.bmp" server="myfiles.stat.ucla.edu/Sites/" local="127088150380000000" remote="130579584860000000" Dst="2" />
<file name="face070.bmp" server="myfiles.stat.ucla.edu/Sites/" local="127088150380000000" remote="130579584860000000" Dst="2" />
<file name="face071.bmp" server="myfiles.stat.ucla.edu/Sites/" local="127088150380000000" remote="130579584860000000" Dst="2" />
<file name="face072.bmp" server="myfiles.stat.ucla.edu/Sites/" local="127088150380000000" remote="130579584860000000" Dst="2" />
<file name="face073.bmp" server="myfiles.stat.ucla.edu/Sites/" local="127088150380000000" remote="130579584860000000" Dst="2" />
<file name="face074.bmp" server="myfiles.stat.ucla.edu/Sites/" local="127088150380000000" remote="130579584860000000" Dst="2" />
<file name="face075.bmp" server="myfiles.stat.ucla.edu/Sites/" local="127088150380000000" remote="130579584860000000" Dst="2" />
<file name="face076.bmp" server="myfiles.stat.ucla.edu/Sites/" local="127088150380000000" remote="130579584860000000" Dst="2" />
<file name="face077.bmp" server="myfiles.stat.ucla.edu/Sites/" local="127088150380000000" remote="130579584860000000" Dst="2" />
<file name="face078.bmp" server="myfiles.stat.ucla.edu/Sites/" local="127088150380000000" remote="130579584860000000" Dst="2" />
<file name="face079.bmp" server="myfiles.stat.ucla.edu/Sites/" local="127088150380000000" remote="130579584860000000" Dst="2" />
<file name="face080.bmp" server="myfiles.stat.ucla.edu/Sites/" local="127088150380000000" remote="130579584860000000" Dst="2" />
<file name="face081.bmp" server="myfiles.stat.ucla.edu/Sites/" local="127088150380000000" remote="130579584860000000" Dst="2" />
<file name="face082.bmp" server="myfiles.stat.ucla.edu/Sites/" local="127088150380000000" remote="130579584860000000" Dst="2" />
<file name="face083.bmp" server="myfiles.stat.ucla.edu/Sites/" local="127088150380000000" remote="130579584860000000" Dst="2" />
<file name="face084.bmp" server="myfiles.stat.ucla.edu/Sites/" local="127088150400000000" remote="130579584860000000" Dst="2" />
<file name="face085.bmp" server="myfiles.stat.ucla.edu/Sites/" local="127088150400000000" remote="130579584860000000" Dst="2" />
<file name="face086.bmp" server="myfiles.stat.ucla.edu/Sites/" local="127088150400000000" remote="130579584860000000" Dst="2" />
<file name="face087.bmp" server="myfiles.stat.ucla.edu/Sites/" local="127088150400000000" remote="130579584860000000" Dst="2" />
<file name="face088.bmp" server="myfiles.stat.ucla.edu/Sites/" local="127088150400000000" remote="130579584860000000" Dst="2" />
<file name="face089.bmp" server="myfiles.stat.ucla.edu/Sites/" local="127088150400000000" remote="130579584860000000" Dst="2" />
<file name="face090.bmp" server="myfiles.stat.ucla.edu/Sites/" local="127088150400000000" remote="130579584870000000" Dst="2" />
<file name="face091.bmp" server="myfiles.stat.ucla.edu/Sites/" local="127088150400000000" remote="130579584870000000" Dst="2" />
<file name="face092.bmp" server="myfiles.stat.ucla.edu/Sites/" local="127088150400000000" remote="130579584870000000" Dst="2" />
<file name="face093.bmp" server="myfiles.stat.ucla.edu/Sites/" local="127088150400000000" remote="130579584870000000" Dst="2" />
<file name="face094.bmp" server="myfiles.stat.ucla.edu/Sites/" local="127088150400000000" remote="130579584870000000" Dst="2" />
<file name="face095.bmp" server="myfiles.stat.ucla.edu/Sites/" local="127088150400000000" remote="130579584870000000" Dst="2" />
<file name="face096.bmp" server="myfiles.stat.ucla.edu/Sites/" local="127088150400000000" remote="130579584870000000" Dst="2" />
<file name="face097.bmp" server="myfiles.stat.ucla.edu/Sites/" local="127088150400000000" remote="130579584870000000" Dst="2" />
<file name="face098.bmp" server="myfiles.stat.ucla.edu/Sites/" local="127088150400000000" remote="130579584870000000" Dst="2" />
<file name="face099.bmp" server="myfiles.stat.ucla.edu/Sites/" local="127088150400000000" remote="130579584870000000" Dst="2" />
<file name="face100.bmp" server="myfiles.stat.ucla.edu/Sites/" local="127088150400000000" remote="130579584870000000" Dst="2" />
<file name="face101.bmp" server="myfiles.stat.ucla.edu/Sites/" local="127088150400000000" remote="130579584870000000" Dst="2" />
<file name="face102.bmp" server="myfiles.stat.ucla.edu/Sites/" local="127088150400000000" remote="130579584870000000" Dst="2" />
<file name="face104.bmp" server="myfiles.stat.ucla.edu/Sites/" local="127088150400000000" remote="130579584870000000" Dst="2" />
<file name="face105.bmp" server="myfiles.stat.ucla.edu/Sites/" local="127088150400000000" remote="130579584870000000" Dst="2" />
<file name="face106.bmp" server="myfiles.stat.ucla.edu/Sites/" local="127088150400000000" remote="130579584870000000" Dst="2" />
<file name="face107.bmp" server="myfiles.stat.ucla.edu/Sites/" local="127088150400000000" remote="130579584870000000" Dst="2" />
<file name="face108.bmp" server="myfiles.stat.ucla.edu/Sites/" local="127088150400000000" remote="130579584870000000" Dst="2" />
<file name="face109.bmp" server="myfiles.stat.ucla.edu/Sites/" local="127088150400000000" remote="130579584870000000" Dst="2" />
<file name="face110.bmp" server="myfiles.stat.ucla.edu/Sites/" local="127088150400000000" remote="130579584870000000" Dst="2" />
<file name="face111.bmp" server="myfiles.stat.ucla.edu/Sites/" local="127088150400000000" remote="130579584870000000" Dst="2" />
<file name="face112.bmp" server="myfiles.stat.ucla.edu/Sites/" local="127088150400000000" remote="130579584870000000" Dst="2" />
<file name="face113.bmp" server="myfiles.stat.ucla.edu/Sites/" local="127088150400000000" remote="130579584870000000" Dst="2" />
<file name="face114.bmp" server="myfiles.stat.ucla.edu/Sites/" local="127088150400000000" remote="130579584870000000" Dst="2" />
<file name="face115.bmp" server="myfiles.stat.ucla.edu/Sites/" local="127088150400000000" remote="130579584870000000" Dst="2" />
<file name="face116.bmp" server="myfiles.stat.ucla.edu/Sites/" local="127088150400000000" remote="130579584870000000" Dst="2" />
<file name="face117.bmp" server="myfiles.stat.ucla.edu/Sites/" local="127088150400000000" remote="130579584870000000" Dst="2" />
<file name="face118.bmp" server="myfiles.stat.ucla.edu/Sites/" local="127088150400000000" remote="130579584870000000" Dst="2" />
<file name="face119.bmp" server="myfiles.stat.ucla.edu/Sites/" local="127088150400000000" remote="130579584870000000" Dst="2" />
<file name="face120.bmp" server="myfiles.stat.ucla.edu/Sites/" local="127088150400000000" remote="130579584870000000" Dst="2" />
<file name="face121.bmp" server="myfiles.stat.ucla.edu/Sites/" local="127088150400000000" remote="130579584870000000" Dst="2" />
<file name="face122.bmp" server="myfiles.stat.ucla.edu/Sites/" local="127088150400000000" remote="130579584870000000" Dst="2" />
<file name="face123.bmp" server="myfiles.stat.ucla.edu/Sites/" local="127088150400000000" remote="130579584870000000" Dst="2" />
<file name="face124.bmp" server="myfiles.stat.ucla.edu/Sites/" local="127088150400000000" remote="130579584870000000" Dst="2" />
<file name="face125.bmp" server="myfiles.stat.ucla.edu/Sites/" local="127088150400000000" remote="130579584870000000" Dst="2" />
<file name="face126.bmp" server="myfiles.stat.ucla.edu/Sites/" local="127088150400000000" remote="130579584870000000" Dst="2" />
<file name="face127.bmp" server="myfiles.stat.ucla.edu/Sites/" local="127088150400000000" remote="130579584870000000" Dst="2" />
<file name="face128.bmp" server="myfiles.stat.ucla.edu/Sites/" local="127088150400000000" remote="130579584870000000" Dst="2" />
<file name="face129.bmp" server="myfiles.stat.ucla.edu/Sites/" local="127088150400000000" remote="130579584870000000" Dst="2" />
<file name="face130.bmp" server="myfiles.stat.ucla.edu/Sites/" local="127088150400000000" remote="130579584870000000" Dst="2" />
<file name="face131.bmp" server="myfiles.stat.ucla.edu/Sites/" local="127088150400000000" remote="130579584870000000" Dst="2" />
<file name="face132.bmp" server="myfiles.stat.ucla.edu/Sites/" local="127088150400000000" remote="130579584870000000" Dst="2" />
<file name="face133.bmp" server="myfiles.stat.ucla.edu/Sites/" local="127088150400000000" remote="130579584870000000" Dst="2" />
<file name="face134.bmp" server="myfiles.stat.ucla.edu/Sites/" local="127088150400000000" remote="130579584870000000" Dst="2" />
<file name="face135.bmp" server="myfiles.stat.ucla.edu/Sites/" local="127088150400000000" remote="130579584870000000" Dst="2" />
<file name="face136.bmp" server="myfiles.stat.ucla.edu/Sites/" local="127088150400000000" remote="130579584870000000" Dst="2" />
<file name="face137.bmp" server="myfiles.stat.ucla.edu/Sites/" local="127088150400000000" remote="130579584870000000" Dst="2" />
<file name="face138.bmp" server="myfiles.stat.ucla.edu/Sites/" local="127088150400000000" remote="130579584870000000" Dst="2" />
<file name="face139.bmp" server="myfiles.stat.ucla.edu/Sites/" local="127088150400000000" remote="130579584870000000" Dst="2" />
<file name="face140.bmp" server="myfiles.stat.ucla.edu/Sites/" local="127088150400000000" remote="130579584880000000" Dst="2" />
<file name="face141.bmp" server="myfiles.stat.ucla.edu/Sites/" local="127088150400000000" remote="130579584880000000" Dst="2" />
<file name="face142.bmp" server="myfiles.stat.ucla.edu/Sites/" local="127088150400000000" remote="130579584880000000" Dst="2" />
<file name="face143.bmp" server="myfiles.stat.ucla.edu/Sites/" local="127088150400000000" remote="130579584880000000" Dst="2" />
<file name="face144.bmp" server="myfiles.stat.ucla.edu/Sites/" local="127088150400000000" remote="130579584880000000" Dst="2" />
<file name="face145.bmp" server="myfiles.stat.ucla.edu/Sites/" local="127088150400000000" remote="130579584880000000" Dst="2" />
<file name="face146.bmp" server="myfiles.stat.ucla.edu/Sites/" local="127088150400000000" remote="130579584880000000" Dst="2" />
<file name="face147.bmp" server="myfiles.stat.ucla.edu/Sites/" local="127088150400000000" remote="130579584880000000" Dst="2" />
<file name="face148.bmp" server="myfiles.stat.ucla.edu/Sites/" local="127088150400000000" remote="130579584880000000" Dst="2" />
<file name="face149.bmp" server="myfiles.stat.ucla.edu/Sites/" local="127088150400000000" remote="130579584880000000" Dst="2" />
<file name="face150.bmp" server="myfiles.stat.ucla.edu/Sites/" local="127088150400000000" remote="130579584880000000" Dst="2" />
<file name="face151.bmp" server="myfiles.stat.ucla.edu/Sites/" local="127088150400000000" remote="130579584880000000" Dst="2" />
<file name="face152.bmp" server="myfiles.stat.ucla.edu/Sites/" local="127088150400000000" remote="130579584880000000" Dst="2" />
<file name="face153.bmp" server="myfiles.stat.ucla.edu/Sites/" local="127088150400000000" remote="130579584880000000" Dst="2" />
<file name="face154.bmp" server="myfiles.stat.ucla.edu/Sites/" local="127088150400000000" remote="130579584880000000" Dst="2" />
<file name="face155.bmp" server="myfiles.stat.ucla.edu/Sites/" local="127088150400000000" remote="130579584880000000" Dst="2" />
<file name="face156.bmp" server="myfiles.stat.ucla.edu/Sites/" local="127088150400000000" remote="130579584880000000" Dst="2" />
<file name="face157.bmp" server="myfiles.stat.ucla.edu/Sites/" local="127088150400000000" remote="130579584880000000" Dst="2" />
<file name="face158.bmp" server="myfiles.stat.ucla.edu/Sites/" local="127088150400000000" remote="130579584880000000" Dst="2" />
<file name="face159.bmp" server="myfiles.stat.ucla.edu/Sites/" local="127088150400000000" remote="130579584880000000" Dst="2" />
<file name="face160.bmp" server="myfiles.stat.ucla.edu/Sites/" local="127088150400000000" remote="130579584880000000" Dst="2" />
<file name="face161.bmp" server="myfiles.stat.ucla.edu/Sites/" local="127088150400000000" remote="130579584880000000" Dst="2" />
<file name="face162.bmp" server="myfiles.stat.ucla.edu/Sites/" local="127088150400000000" remote="130579584880000000" Dst="2" />
<file name="face163.bmp" server="myfiles.stat.ucla.edu/Sites/" local="127088150400000000" remote="130579584880000000" Dst="2" />
<file name="face164.bmp" server="myfiles.stat.ucla.edu/Sites/" local="127088150400000000" remote="130579584880000000" Dst="2" />
<file name="face165.bmp" server="myfiles.stat.ucla.edu/Sites/" local="127088150400000000" remote="130579584880000000" Dst="2" />
<file name="face166.bmp" server="myfiles.stat.ucla.edu/Sites/" local="127088150400000000" remote="130579584880000000" Dst="2" />
<file name="face167.bmp" server="myfiles.stat.ucla.edu/Sites/" local="127088150400000000" remote="130579584880000000" Dst="2" />
<file name="face168.bmp" server="myfiles.stat.ucla.edu/Sites/" local="127088150400000000" remote="130579584880000000" Dst="2" />
<file name="face169.bmp" server="myfiles.stat.ucla.edu/Sites/" local="127088150400000000" remote="130579584880000000" Dst="2" />
<file name="face170.bmp" server="myfiles.stat.ucla.edu/Sites/" local="127088150400000000" remote="130579584880000000" Dst="2" />
<file name="face171.bmp" server="myfiles.stat.ucla.edu/Sites/" local="127088150400000000" remote="130579584880000000" Dst="2" />
<file name="face172.bmp" server="myfiles.stat.ucla.edu/Sites/" local="127088150400000000" remote="130579584880000000" Dst="2" />
<file name="face173.bmp" server="myfiles.stat.ucla.edu/Sites/" local="127088150400000000" remote="130579584880000000" Dst="2" />
<file name="face174.bmp" server="myfiles.stat.ucla.edu/Sites/" local="127088150400000000" remote="130579584880000000" Dst="2" />
<file name="face175.bmp" server="myfiles.stat.ucla.edu/Sites/" local="127088150400000000" remote="130579584880000000" Dst="2" />
<file name="face176.bmp" server="myfiles.stat.ucla.edu/Sites/" local="127088150420000000" remote="130579584880000000" Dst="2" />
<file name="face177.bmp" server="myfiles.stat.ucla.edu/Sites/" local="127088150420000000" remote="130579584880000000" Dst="2" />
</dwsync>